,cid,drugbank_id,smiles
0,CID000002244,DB00945,CC(=O)OC1=CC=CC=C1C(O)=O
1,CID000003696,DB00458,CN(C)CCCN1C2=CC=CC=C2CCC2=CC=CC=C12
2,CID000003446,DB00996,NCC1(CC(O)=O)CCCCC1
3,CID000004058,DB00454,CCOC(=O)C1(CCN(C)CC1)C1=CC=CC=C1
4,CID000004440,DB00952,CNS(=O)(=O)CCC1=CC2=C(NC=C2C2CCN(C)CC2)C=C1
5,CID000004679,DB00213,COC1=C(OC)C(CS(=O)C2=NC3=C(N2)C=C(OC(F)F)C=C3)=NC=C1
6,CID000003419,DB00492,CCC(=O)O[C@@H](O[P@](=O)(CCCCC1=CC=CC=C1)CC(=O)N1C[C@@H](C[C@H]1C(O)=O)C1CCCCC1)C(C)C
7,CID000002656,DB01212,[H][C@]12SCC(CSC3=NC(=O)C(=O)NN3C)=C(N1C(=O)[C@H]2NC(=O)C(=N/OC)\C1=CSC(N)=N1)C(O)=O
8,CID000216239,DB00398,CNC(=O)C1=NC=CC(OC2=CC=C(NC(=O)NC3=CC(=C(Cl)C=C3)C(F)(F)F)C=C2)=C1
9,CID000003877,DB00709,NC1=NC(=O)N(C=C1)[C@@H]1CS[C@H](CO)O1
10,CID000060871,DB00718,CC(C)(C)C(=O)OCOP(=O)(COCCN1C=NC2=C(N)N=CN=C12)OCOC(=O)C(C)(C)C
11,CID000005486,DB00775,CCCCS(=O)(=O)N[C@@H](CC1=CC=C(OCCCCC2CCNCC2)C=C1)C(O)=O
12,CID000005487,DB00697,ClC1=C(NC2=NCCN2)C2=NSN=C2C=C1
13,CID000005394,DB00853,CN1N=NC2=C(N=CN2C1=O)C(N)=O
14,CID000002622,DB01413,CO\N=C(/C(=O)N[C@@H]1C(=O)N2[C@]1([H])SCC(C[N+]1(C)CCCC1)=C2C([O-])=O)C1=CSC(N)=N1
15,CID000005578,DB00440,COC1=CC(CC2=CN=C(N)N=C2N)=CC(OC)=C1OC
16,CID000002284,DB00181,NCC(CC(O)=O)C1=CC=C(Cl)C=C1
17,CID000005525,DB00519,[H][C@@]12C[C@H](N(C(=O)[C@H](C)N[C@@H](CCC3=CC=CC=C3)C(=O)OCC)[C@@]1([H])CCCC2)C(O)=O
18,CID000003355,DB01195,FC(F)(F)COC1=CC(C(=O)NCC2CCCCN2)=C(OCC(F)(F)F)C=C1
19,CID000002955,DB00250,NC1=CC=C(C=C1)S(=O)(=O)C1=CC=C(N)C=C1
20,CID000003454,DB01004,NC1=NC2=C(N=CN2COC(CO)CO)C(=O)N1
21,CID000667490,DB01033,S=C1N=CNC2=C1NC=N2
22,CID000071616,DB00582,C[C@@H](C1=NC=NC=C1F)[C@](O)(CN1C=NC=N1)C1=C(F)C=C(F)C=C1
23,CID000005297,DB01082,CN[C@H]1[C@H](O)[C@@H](O)[C@H](CO)O[C@H]1O[C@H]1[C@H](O[C@H]2[C@H](O)[C@@H](O)[C@H](NC(N)=N)[C@@H](O)[C@@H]2NC(N)=N)O[C@@H](C)[C@]1(O)C=O
24,CID000005095,DB00268,CCCN(CCC)CCC1=C2CC(=O)NC2=CC=C1
25,CID000001978,DB01193,CCCC(=O)NC1=CC(C(C)=O)=C(OCC(O)CNC(C)C)C=C1
26,CID000004212,DB01204,OCCNCCNC1=C2C(=O)C3=C(O)C=CC(O)=C3C(=O)C2=C(NCCNCCO)C=C1
27,CID000003143,DB01248,[H][C@@]12C[C@H](O)[C@@]3(C)C(=O)[C@H](O)C4=C(C)[C@H](C[C@@](O)([C@@H](OC(=O)C5=CC=CC=C5)[C@]3([H])[C@@]1(CO2)OC(C)=O)C4(C)C)OC(=O)[C@H](O)[C@@H](NC(=O)OC(C)(C)C)C1=CC=CC=C1
28,CID000003878,DB00555,NC1=NC(N)=C(N=N1)C1=C(Cl)C(Cl)=CC=C1
29,CID000110634,DB00862,CCCC1=NC(C)=C2N1NC(=NC2=O)C1=C(OCC)C=CC(=C1)S(=O)(=O)N1CCN(CC)CC1
30,CID000060198,DB00990,[H][C@@]12CCC(=O)[C@@]1(C)CC[C@@]1([H])[C@@]2([H])CC(=C)C2=CC(=O)C=C[C@]12C
31,CID000005206,DB01236,FCOC(C(F)(F)F)C(F)(F)F
32,CID006435110,DB00602,CO[C@H]1C[C@@H](O[C@@H](C)[C@@H]1O)O[C@H]1[C@H](C)O[C@H](C[C@@H]1OC)O[C@H]1[C@@H](C)\C=C\C=C2/CO[C@@H]3[C@H](O)C(C)=C[C@@H](C(=O)O[C@H]4C[C@@H](C\C=C1/C)O[C@@]1(CC[C@H](C)[C@@H](C(C)C)O1)C4)[C@]23O.CC[C@@H](C)[C@H]1O[C@@]2(CC[C@@H]1C)O[C@@H]1C\C=C(C)\[C@@H](O[C@@H]3O[C@@H](C)[C@H](O[C@@H]4O[C@@H](C)[C@H](O)[C@@H](OC)C4)[C@@H](OC)C3)[C@@H](C)\C=C\C=C3/CO[C@@H]4[C@H](O)C(C)=C[C@@H](C(=O)O[C@@H](C1)C2)[C@]34O
33,CID000060612,DB00633,C[C@H](C1=CNC=N1)C1=C(C)C(C)=CC=C1
34,CID000002369,DB00195,CC(C)NCC(O)COC1=CC=C(CCOCC2CC2)C=C1
35,CID000071329,DB00204,CN(CCOC1=CC=C(NS(C)(=O)=O)C=C1)CCC1=CC=C(NS(C)(=O)=O)C=C1
36,CID000002311,DB00542,CCOC(=O)[C@H](CCC1=CC=CC=C1)N[C@H]1CCC2=CC=CC=C2N(CC(O)=O)C1=O
37,CID000002550,DB01197,C[C@H](CS)C(=O)N1CCC[C@H]1C(O)=O
38,CID000005078,DB00953,CN(C)CCC1=CNC2=C1C=C(CN1C=NC=N1)C=C2
39,CID000004485,DB01115,COC(=O)C1=C(C)NC(C)=C(C1C1=CC=CC=C1[N+]([O-])=O)C(=O)OC
40,CID000060164,DB00210,COC1=C(C=C(C=C1)C1=CC2=C(C=C1)C=C(C=C2)C(O)=O)C12CC3CC(CC(C3)C1)C2
41,CID000002678,DB00341,OC(=O)COCCN1CCN(CC1)C(C1=CC=CC=C1)C1=CC=C(Cl)C=C1
42,CID000003827,DB00920,CN1CCC(CC1)=C1C2=C(SC=C2)C(=O)CC2=CC=CC=C12
43,CID000002308,DB00394,[H][C@@]12C[C@H](C)[C@](OC(=O)CC)(C(=O)COC(=O)CC)[C@@]1(C)C[C@H](O)[C@@]1(Cl)[C@@]2([H])CCC2=CC(=O)C=C[C@]12C
44,CID000056959,DB00243,COC1=CC=CC=C1OCC(O)CN1CCN(CC(=O)NC2=C(C)C=CC=C2C)CC1
45,CID000002522,DB02300,O[C@H](\C=C\[C@@H](C)[C@@]1([H])CC[C@@]2([H])\C(CCC[C@]12C)=C\C=C1\C[C@@H](O)C[C@H](O)C1=C)C1CC1
46,CID000004946,DB00571,CC(C)NCC(O)COC1=CC=CC2=CC=CC=C12
47,CID000176870,DB00530,COCCOC1=CC2=C(C=C1OCCOC)C(NC1=CC(=CC=C1)C#C)=NC=N2
48,CID000004900,DB00635,[H][C@@]12CC[C@](O)(C(=O)CO)[C@@]1(C)CC(=O)[C@@]1([H])[C@@]2([H])CCC2=CC(=O)C=C[C@]12C
49,CID000003461,DB00441,NC1=NC(=O)N(C=C1)[C@@H]1O[C@H](CO)[C@@H](O)C1(F)F
50,CID000003823,DB01026,CC(=O)N1CCN(CC1)C1=CC=C(OCC2COC(CN3C=CN=C3)(O2)C2=CC=C(Cl)C=C2Cl)C=C1
51,CID000005515,DB01030,CC[C@@]1(O)C(=O)OCC2=C1C=C1N(CC3=CC4=C(C=CC(O)=C4CN(C)C)N=C13)C2=O
52,CID000130881,DB00275,CCCC1=NC(=C(N1CC1=CC=C(C=C1)C1=C(C=CC=C1)C1=NN=NN1)C(O)=O)C(C)(C)O
53,CID000071158,DB00659,CC(=O)NCCCS(O)(=O)=O
54,CID000001972,DB00681,[H][C@]12C[C@@H](O[C@@H]3O[C@H](C)[C@@H](O)[C@H](N)[C@@H]3O)\C=C\C=C\C=C\C=C\C=C\C=C\C=C\[C@H](C)[C@@H](O)[C@@H](C)[C@H](C)OC(=O)C[C@H](O)C[C@H](O)CC[C@@H](O)[C@H](O)C[C@H](O)C[C@](O)(C[C@H](O)[C@H]1C(O)=O)O2
55,CID000004138,DB00968,C[C@](N)(CC1=CC=C(O)C(O)=C1)C(O)=O
56,CID000003661,DB00424,CN1[C@H]2CC[C@@H]1C[C@@H](C2)OC(=O)[C@H](CO)C1=CC=CC=C1
57,CID000003957,DB00455,CCOC(=O)N1CCC(CC1)=C1C2=C(CCC3=C1N=CC=C3)C=C(Cl)C=C2
58,CID000003825,DB01009,CC(C(O)=O)C1=CC(=CC=C1)C(=O)C1=CC=CC=C1
59,CID000004053,DB01042,N[C@@H](CC1=CC=C(C=C1)N(CCCl)CCCl)C(O)=O
60,CID000005584,DB00726,CC(CN(C)C)CN1C2=CC=CC=C2CCC2=CC=CC=C12
61,CID000060852,DB00710,CCCCCN(C)CCC(O)(P(O)(O)=O)P(O)(O)=O
62,CID000005002,DB01224,OCCOCCN1CCN(CC1)C1=NC2=CC=CC=C2SC2=CC=CC=C12
63,CID000002092,DB00346,COC1=C(OC)C=C2C(N)=NC(=NC2=C1)N(C)CCCNC(=O)C1CCCO1
64,CID000003929,DB00601,CC(=O)NC[C@H]1CN(C(=O)O1)C1=CC(F)=C(C=C1)N1CCOCC1
65,CID000002895,DB00924,CN(C)CCC=C1C2=CC=CC=C2C=CC2=CC=CC=C12
66,CID000002370,DB01019,CC(C[N+](C)(C)C)OC(N)=O
67,CID000004543,DB00540,CNCCC=C1C2=CC=CC=C2CCC2=CC=CC=C12
68,CID000004739,DB00552,OC[C@H]1O[C@H](C[C@@H]1O)N1C=NC2=C1N=CNC[C@H]2O
69,CID000004259,DB00218,[H][C@]12CN(C[C@@]1([H])NCCC2)C1=C(F)C=C2C(=O)C(=CN(C3CC3)C2=C1OC)C(O)=O
70,CID000104865,DB00559,COC1=CC=CC=C1OC1=C(NS(=O)(=O)C2=CC=C(C=C2)C(C)(C)C)N=C(N=C1OCCO)C1=NC=CC=N1
71,CID000003637,DB01275,NNC1=NN=CC2=CC=CC=C12
72,CID000003108,DB00975,OCCN(CCO)C1=NC2=C(N=C(N=C2N2CCCCC2)N(CCO)CCO)C(=N1)N1CCCCC1
73,CID000002512,DB00248,[H][C@@]12CC3=CNC4=CC=CC(=C34)[C@@]1([H])C[C@H](CN2CC=C)C(=O)N(CCCN(C)C)C(=O)NCC
74,CID000003386,DB00472,CNCCC(OC1=CC=C(C=C1)C(F)(F)F)C1=CC=CC=C1
75,CID000002160,DB00321,CN(C)CCC=C1C2=CC=CC=C2CCC2=CC=CC=C12
76,CID000004885,DB00413,CCCN[C@H]1CCC2=C(C1)SC(N)=N2
77,CID000004264,DB00410,C[C@H](O)[C@H](C)[C@@H]1O[C@H]1C[C@H]1CO[C@@H](C\C(C)=C\C(=O)OCCCCCCCCC(O)=O)[C@H](O)[C@@H]1O
78,CID000004075,DB00244,NC1=CC(C(O)=O)=C(O)C=C1
79,CID000004168,DB01233,CCN(CC)CCNC(=O)C1=CC(Cl)=C(N)C=C1OC
80,CID000004253,DB00295,[H][C@@]12OC3=C(O)C=CC4=C3[C@@]11CCN(C)[C@]([H])(C4)[C@]1([H])C=C[C@@H]2O
81,CID000004046,DB00358,OC(C1CCCCN1)C1=CC(=NC2=C1C=CC=C2C(F)(F)F)C(F)(F)F
82,CID000009433,DB01223,NCCN.CN1C2=C(NC=N2)C(=O)N(C)C1=O.CN1C2=C(NC=N2)C(=O)N(C)C1=O
83,CID000082146,DB00307,CC1=CC2=C(C=C1C(=C)C1=CC=C(C=C1)C(O)=O)C(C)(C)CCC2(C)C
84,CID000004583,DB01137,C[C@H]1COC2=C3N1C=C(C(O)=O)C(=O)C3=CC(F)=C2N1CCN(C)CC1
85,CID000003007,DB00182,CC(N)CC1=CC=CC=C1
86,CID000060843,DB00642,[H][C@@](CCC(O)=O)(NC(=O)C1=CC=C(CCC2=CNC3=C2C(O)=NC(=N)N3)C=C1)C(O)=O
87,CID000003639,DB00999,NS(=O)(=O)C1=C(Cl)C=C2NCNS(=O)(=O)C2=C1
88,CID000002676,DB00439,COCC1=C(C2=CC=C(F)C=C2)C(\C=C\[C@@H](O)C[C@@H](O)CC(O)=O)=C(C(C)C)N=C1C(C)C
89,CID000003414,DB00529,OC(=O)P(O)(O)=O
90,CID000005647,DB00577,CC(C)[C@H](N)C(=O)OCCOCN1C=NC2=C1NC(N)=NC2=O
91,CID000002173,DB00415,[H][C@]12SC(C)(C)[C@@H](N1C(=O)[C@H]2NC(=O)[C@H](N)C1=CC=CC=C1)C(O)=O
92,CID000000453,DB00742,OC[C@@H](O)[C@@H](O)[C@H](O)[C@H](O)CO
93,CID000002266,DB00548,OC(=O)CCCCCCCC(O)=O
94,CID000003032,DB00586,OC(=O)CC1=CC=CC=C1NC1=C(Cl)C=CC=C1Cl
95,CID000002800,DB00882,CCN(CC)CCOC1=CC=C(C=C1)C(=C(Cl)C1=CC=CC=C1)C1=CC=CC=C1
96,CID000119607,DB00580,CC1=C(C(=NO1)C1=CC=CC=C1)C1=CC=C(C=C1)S(N)(=O)=O
97,CID000003706,DB00224,CC(C)(C)NC(=O)[C@@H]1CN(CC2=CN=CC=C2)CCN1C[C@@H](O)C[C@@H](CC1=CC=CC=C1)C(=O)N[C@@H]1[C@H](O)CC2=CC=CC=C12
98,CID000003467,DB00798,CNC(C)C1CCC(N)C(OC2C(N)CC(N)C(OC3OCC(C)(O)C(NC)C3O)C2O)O1
99,CID000004675,DB01337,[H][C@@]12C[C@@H]([C@H](OC(C)=O)[C@@]1(C)CC[C@@]1([H])[C@@]2([H])CC[C@@]2([H])C[C@H](OC(C)=O)[C@H](C[C@]12C)[N+]1(C)CCCCC1)[N+]1(C)CCCCC1
100,CID000003324,DB00426,CC(=O)OCC(CCN1C=NC2=CN=C(N)N=C12)COC(C)=O
101,CID000002019,DB00970,[H][C@@]12CCCN1C(=O)[C@H](NC(=O)[C@@H](NC(=O)C1=C3N=C4C(OC3=C(C)C=C1)=C(C)C(=O)C(N)=C4C(=O)N[C@H]1[C@@H](C)OC(=O)[C@H](C(C)C)N(C)C(=O)CN(C)C(=O)[C@]3([H])CCCN3C(=O)[C@H](NC1=O)C(C)C)[C@@H](C)OC(=O)[C@H](C(C)C)N(C)C(=O)CN(C)C2=O)C(C)C
102,CID000005155,DB00649,CC1=CN([C@@H]2O[C@H](CO)C=C2)C(=O)NC1=O
103,CID000060877,DB00879,NC1=NC(=O)N(C=C1F)[C@@H]1CS[C@H](CO)O1
104,CID000002265,DB00993,CN1C=NC(=C1SC1=NC=NC2=C1NC=N2)[N+]([O-])=O
105,CID000002617,DB01327,[H][C@]12SCC(CSC3=NN=C(C)S3)=C(N1C(=O)[C@H]2NC(=O)CN1C=NN=N1)C(O)=O
106,CID000002249,DB00335,CC(C)NCC(O)COC1=CC=C(CC(N)=O)C=C1
107,CID000124087,DB00967,ClC1=CC2=C(C=C1)C(=C1CCNCC1)C1=C(CC2)C=CC=N1
108,CID000002818,DB00363,CN1CCN(CC1)C1=NC2=CC(Cl)=CC=C2NC2=CC=CC=C12
109,CID000004211,DB00648,ClC(Cl)C(C1=CC=C(Cl)C=C1)C1=CC=CC=C1Cl
110,CID000003008,DB00514,[H][C@]12CC3=C(C=C(OC)C=C3)[C@@]3(CCCC[C@]13[H])CCN2C
111,CID000002907,DB00531,ClCCN(CCCl)P1(=O)NCCCO1
112,CID000119182,DB00631,[H][C@]1(F)[C@H](O)[C@@H](CO)O[C@H]1N1C=NC2=C(N)N=C(Cl)N=C12
113,CID000004730,DB00417,[H][C@]12SC(C)(C)[C@@H](N1C(=O)[C@H]2NC(=O)COC1=CC=CC=C1)C(O)=O
114,CID000002177,DB00701,CC(C)CN(C[C@@H](O)[C@H](CC1=CC=CC=C1)NC(=O)O[C@H]1CCOC1)S(=O)(=O)C1=CC=C(N)C=C1
115,CID000005372,DB00864,CO[C@@H]1C[C@@H](CC[C@H]1O)\C=C(/C)[C@H]1OC(=O)[C@@H]2CCCCN2C(=O)C(=O)[C@]2(O)O[C@@H]([C@H](C[C@H]2C)OC)[C@H](C[C@@H](C)C\C(C)=C\[C@@H](CC=C)C(=O)C[C@H](O)[C@H]1C)OC
116,CID000003075,DB00343,COC1=CC=C(C=C1)[C@@H]1SC2=C(C=CC=C2)N(CCN(C)C)C(=O)[C@@H]1OC(C)=O
117,CID000003148,DB00757,[H][C@@]1(C[C@@]2([H])C[C@]3([H])C[C@@]([H])(C1)N2CC3=O)OC(=O)C1=CNC2=C1C=CC=C2
118,CID000003381,DB00591,[H][C@@]12C[C@@]3([H])[C@]4([H])C[C@]([H])(F)C5=CC(=O)C=C[C@]5(C)[C@@]4(F)[C@@H](O)C[C@]3(C)[C@@]1(OC(C)(C)O2)C(=O)CO
119,CID000005401,DB01162,COC1=C(OC)C=C2C(N)=NC(=NC2=C1)N1CCN(CC1)C(=O)C1CCCO1
120,CID000003379,DB00180,[H][C@@]12C[C@@]3([H])[C@]4([H])C[C@H](F)C5=CC(=O)C=C[C@]5(C)[C@@]4([H])[C@@H](O)C[C@]3(C)[C@@]1(OC(C)(C)O2)C(=O)CO
121,CID004479097,DB00200,[N+]1=2[Co-3]345([N+]6=C7[C@H]([C@@](CC(=O)N)(C)[C@@]6([C@@]6(N3C(=C(C)C3=[N+]4C(C(C)(C)[C@@H]3CCC(=O)N)=CC3=[N+]5C(=C7C)[C@@](CC(=O)N)([C@@H]3CCC(=O)N)C)[C@@](C)([C@H]6CC(=O)N)CCC(NC[C@@H](C)OP(=O)(O[C@@H]3[C@H](O[C@H](N(C4=CC(=C(C=C14)C)C)C=2)[C@@H]3O)CO)[O-])=O)[H])C)CCC(=O)N)O[H]
122,CID000004201,DB00350,NC1=CC(=NC(N)=[N+]1[O-])N1CCCCC1
123,CID000002520,DB00661,COC1=C(OC)C=C(CCN(C)CCCC(C#N)(C(C)C)C2=CC(OC)=C(OC)C=C2)C=C1
124,CID000002088,DB00630,NCCCC(O)(P(O)(O)=O)P(O)(O)=O
125,CID000005505,DB01124,CCCCNC(=O)NS(=O)(=O)C1=CC=C(C)C=C1
126,CID000002142,DB00479,NCC[C@H](O)C(=O)N[C@@H]1C[C@H](N)[C@@H](O[C@H]2O[C@H](CN)[C@@H](O)[C@H](O)[C@H]2O)[C@H](O)[C@H]1O[C@H]1O[C@H](CO)[C@@H](O)[C@H](N)[C@H]1O
127,CID000001134,DB01265,CC1=CN([C@@H]2C[C@@H](O)[C@H](CO)O2)C(=O)NC1=O
128,CID000002022,DB00787,NC1=NC(=O)C2=C(N1)N(COCCO)C=N2
129,CID000005651,DB00512,CN[C@H](CC(C)C)C(=O)N[C@@H]1[C@H](O)C2=CC=C(OC3=C(O[C@@H]4O[C@H](CO)[C@@H](O)[C@H](O)[C@H]4O[C@H]4C[C@](C)(N)[C@H](O)[C@H](C)O4)C4=CC(=C3)[C@@H](NC(=O)[C@H](CC(N)=O)NC1=O)C(=O)N[C@@H]1C3=CC(=C(O)C=C3)C3=C(O)C=C(O)C=C3[C@H](NC(=O)[C@@H](NC1=O)[C@H](O)C1=CC(Cl)=C(O4)C=C1)C(O)=O)C(Cl)=C2
130,CID000004158,DB00422,COC(=O)C(C1CCCCN1)C1=CC=CC=C1
131,CID000004140,DB00353,[H][C@@]12CC3=CNC4=CC=CC(=C34)C1=C[C@H](CN2C)C(=O)N[C@@H](CC)CO
132,CID000002610,DB01140,[H][C@]12SCC(C)=C(N1C(=O)[C@H]2NC(=O)[C@H](N)C1=CC=C(O)C=C1)C(O)=O
133,CID000003869,DB00598,CC(CCC1=CC=CC=C1)NCC(O)C1=CC(C(N)=O)=C(O)C=C1
134,CID000151165,DB00673,C[C@@H](O[C@H]1OCCN(CC2=NNC(=O)N2)[C@H]1C1=CC=C(F)C=C1)C1=CC(=CC(=C1)C(F)(F)F)C(F)(F)F
135,CID000003476,DB00222,[H][C@]1(C)CC[C@@]([H])(CC1)N=C(O)NS(=O)(=O)C1=CC=C(CCN=C(O)N2CC(C)=C(CC)C2=O)C=C1
136,CID000125017,DB06700,CN(C)CC(C1=CC=C(O)C=C1)C1(O)CCCCC1
137,CID000002405,DB00612,CC(C)NCC(O)COC1=CC=C(COCCOC(C)C)C=C1
138,CID000004911,DB01032,CCCN(CCC)S(=O)(=O)C1=CC=C(C=C1)C(O)=O
139,CID000150310,DB00700,[H][C@@]12CC[C@@]3(CCC(=O)O3)[C@@]1(C)C[C@H]1O[C@@]11[C@@]2([H])[C@@H](CC2=CC(=O)CC[C@]12C)C(=O)OC
140,CID000000815,DB01172,NC[C@H]1O[C@H](O[C@@H]2[C@@H](N)C[C@@H](N)[C@H](O[C@H]3O[C@H](CO)[C@@H](O)[C@H](N)[C@H]3O)[C@H]2O)[C@H](O)[C@@H](O)[C@@H]1O
141,CID000003954,DB00836,CN(C)C(=O)C(CCN1CCC(O)(CC1)C1=CC=C(Cl)C=C1)(C1=CC=CC=C1)C1=CC=CC=C1
142,CID000005408,DB00624,[H][C@@]12CC[C@H](O)[C@@]1(C)CC[C@@]1([H])[C@@]2([H])CCC2=CC(=O)CC[C@]12C
143,CID000002215,DB00714,[H][C@]12CC3=C(C(O)=C(O)C=C3)C3=CC=CC(CCN1C)=C23
144,CID000003249,DB00153,CC(C)[C@@H](C)\C=C\[C@@H](C)[C@@]1([H])CC[C@@]2([H])\C(CCC[C@]12C)=C\C=C1\C[C@@H](O)CCC1=C
145,CID000002349,DB01053,[H][C@]12SC(C)(C)[C@@H](N1C(=O)[C@H]2NC(=O)CC1=CC=CC=C1)C(O)=O
146,CID000005391,DB00231,CN1C2=C(C=C(Cl)C=C2)C(=NC(O)C1=O)C1=CC=CC=C1
147,CID000005478,DB00373,[H][C@](O)(CNC(C)(C)C)COC1=NSN=C1N1CCOCC1
148,CID000004894,DB00860,[H][C@@]12CC[C@](O)(C(=O)CO)[C@@]1(C)C[C@H](O)[C@@]1([H])[C@@]2([H])CCC2=CC(=O)C=C[C@]12C
149,CID000004428,DB00704,[H][C@@]12OC3=C(O)C=CC4=C3[C@@]11CCN(CC3CC3)[C@]([H])(C4)[C@]1(O)CCC2=O
150,CID000004513,DB00585,CNC(NCCSCC1=CSC(CN(C)C)=N1)=C[N+]([O-])=O
151,CID000004112,DB00563,CN(CC1=CN=C2N=C(N)N=C(N)C2=N1)C1=CC=C(C=C1)C(=O)N[C@@H](CCC(O)=O)C(O)=O
152,CID000005512,DB01036,CC(C)N(CC[C@H](C1=CC=CC=C1)C1=C(O)C=CC(C)=C1)C(C)C
153,CID000001971,DB01048,NC1=NC2=C(N=CN2[C@@H]2C[C@H](CO)C=C2)C(NC2CC2)=N1
154,CID000054547,DB01416,[H][C@]12SCC(COC)=C(N1C(=O)[C@H]2NC(=O)C(=N/OC)\C1=CSC(N)=N1)C(O)=O
155,CID000004411,DB01203,CC(C)(C)NCC(O)COC1=CC=CC2=C1C[C@H](O)[C@H](O)C2
156,CID000004195,DB00211,COC1=CC(C(O)CNC(=O)CN)=C(OC)C=C1
157,CID000004845,DB01291,CC(C)(C)NCC(O)C1=NC(CO)=C(O)C=C1
158,CID000041317,DB00459,COC1=C(C)C(C)=C(\C=C\C(\C)=C\C=C\C(\C)=C\C(O)=O)C(C)=C1
159,CID000002250,DB01076,CC(C)C1=C(C(=O)NC2=CC=CC=C2)C(=C(N1CC[C@@H](O)C[C@@H](O)CC(O)=O)C1=CC=C(F)C=C1)C1=CC=CC=C1
160,CID000005672,DB00361,[H][C@@]12N(C)C3=CC(OC)=C(C=C3[C@@]11CCN3CC=C[C@](CC)([C@@]13[H])[C@@]([H])(OC(C)=O)[C@]2(O)C(=O)OC)[C@]1(C[C@@]2([H])CN(CC(CC)=C2)CC2=C1NC1=CC=CC=C21)C(=O)OC
161,CID000000191,DB00194,NC1=NC=NC2=C1N=CN2[C@@H]1O[C@H](CO)[C@@H](O)[C@@H]1O
162,CID000002162,DB00381,CCOC(=O)C1=C(COCCN)NC(C)=C(C1C1=CC=CC=C1Cl)C(=O)OC
163,CID000003702,DB00808,CC1CC2=CC=CC=C2N1NC(=O)C1=CC(=C(Cl)C=C1)S(N)(=O)=O
164,CID000003157,DB00590,COC1=C(OC)C=C2C(N)=NC(=NC2=C1)N1CCN(CC1)C(=O)C1COC2=CC=CC=C2O1
165,CID000005721,DB00558,[H][C@]1(OC(=C[C@H](N=C(N)N)[C@H]1NC(C)=O)C(O)=O)[C@H](O)[C@H](O)CO
166,CID000005212,DB00203,CCCC1=NN(C)C2=C1NC(=NC2=O)C1=C(OCC)C=CC(=C1)S(=O)(=O)N1CCN(C)CC1
167,CID000002578,DB00262,ClCCNC(=O)N(CCCl)N=O
168,CID000001775,DB00252,O=C1NC(=O)C(N1)(C1=CC=CC=C1)C1=CC=CC=C1
169,CID000004594,DB00338,COC1=CC2=C(C=C1)N=C(N2)S(=O)CC1=NC=C(C)C(OC)=C1C
170,CID000003059,DB00861,OC(=O)C1=C(O)C=CC(=C1)C1=C(F)C=C(F)C=C1
171,CID000002476,DB00921,CO[C@]12CC[C@@]3(C[C@@H]1[C@](C)(O)C(C)(C)C)[C@H]1CC4=C5C(O[C@@H]2[C@@]35CCN1CC1CC1)=C(O)C=C4
172,CID000051263,DB00802,CCN1N=NN(CCN2CCC(COC)(CC2)N(C(=O)CC)C2=CC=CC=C2)C1=O
173,CID000000937,DB00627,OC(=O)C1=CN=CC=C1
174,CID000002995,DB01151,CNCCCN1C2=CC=CC=C2CCC2=CC=CC=C12
175,CID000003168,DB00450,FC1=CC=C(C=C1)C(=O)CCCN1CCC(=CC1)N1C(=O)NC2=CC=CC=C12
176,CID000002099,DB00969,CN1C2=C(C3=CC=CC=C13)C(=O)N(CC1=C(C)NC=N1)CC2
177,CID000000159,DB01240,[H][C@]12C[C@@H](O)[C@H](\C=C\[C@@H](O)CCCCC)[C@@]1([H])CC(O2)=CCCCC(O)=O
178,CID000004607,DB00713,[H][C@]12SC(C)(C)[C@@H](N1C(=O)[C@H]2NC(=O)C1=C(C)ON=C1C1=CC=CC=C1)C(O)=O
179,CID000003114,DB00280,CC(C)N(CCC(C(N)=O)(C1=CC=CC=C1)C1=NC=CC=C1)C(C)C
180,CID000115237,DB01267,CC1=C(CCN2CCC(CC2)C2=NOC3=C2C=CC(F)=C3)C(=O)N2CCCC(O)C2=N1
181,CID000003325,DB00927,NC(N)=NC1=NC(CSCCC(N)=NS(N)(=O)=O)=CS1
182,CID000004539,DB01059,CCN1C=C(C(O)=O)C(=O)C2=CC(F)=C(C=C12)N1CCNCC1
183,CID000005719,DB00962,CCN(C(C)=O)C1=CC=CC(=C1)C1=CC=NC2=C(C=NN12)C#N
184,CID000003784,DB00270,COC(=O)C1=C(C)NC(C)=C(C1C1=CC=CC2=NON=C12)C(=O)OC(C)C
185,CID000004509,DB00698,[O-][N+](=O)C1=CC=C(O1)\C=N\N1CC(=O)NC1=O
186,CID000005029,DB01129,COCCCOC1=C(C)C(CS(=O)C2=NC3=CC=CC=C3N2)=NC=C1
187,CID000003648,DB00327,[H][C@@]12OC3=C(O)C=CC4=C3[C@@]11CCN(C)[C@]([H])(C4)[C@]1([H])CCC2=O
188,CID000057469,DB00724,CC(C)CN1C=NC2=C1C1=CC=CC=C1N=C2N
189,CID000003449,DB00674,[H][C@]12C[C@@H](O)C=C[C@]11CCN(C)CC3=C1C(O2)=C(OC)C=C3
190,CID000110635,DB00820,[H][C@]12CC3=C(NC4=CC=CC=C34)[C@H](N1C(=O)CN(C)C2=O)C1=CC2=C(OCO2)C=C1
191,CID000002725,DB01114,CN(C)CCC(C1=CC=C(Cl)C=C1)C1=CC=CC=N1
192,CID000005215,DB00359,NC1=CC=C(C=C1)S(=O)(=O)NC1=NC=CC=N1
193,CID000004932,DB01182,CCCNCC(O)COC1=CC=CC=C1C(=O)CCC1=CC=CC=C1
194,CID000002519,DB00201,CN1C=NC2=C1C(=O)N(C)C(=O)N2C
195,CID000005656,DB00285,COC1=CC=C(C=C1)C(CN(C)C)C1(O)CCCCC1
196,CID000003750,DB00762,CCC1=C2CN3C(=CC4=C(COC(=O)[C@]4(O)CC)C3=O)C2=NC2=C1C=C(OC(=O)N1CCC(CC1)N1CCCCC1)C=C2
197,CID000000085,DB00583,C[N+](C)(C)C[C@H](O)CC([O-])=O
198,CID000170361,DB01273,[H][C@]12C[C@]([H])(CNC1)C1=CC3=NC=CN=C3C=C21
199,CID000004748,DB00850,OCCN1CCN(CCCN2C3=CC=CC=C3SC3=C2C=C(Cl)C=C3)CC1
200,CID000003890,DB00654,CC(C)OC(=O)CCC\C=C/C[C@H]1[C@@H](O)C[C@@H](O)[C@@H]1CC[C@@H](O)CCC1=CC=CC=C1
201,CID000004173,DB00916,CC1=NC=C(N1CCO)[N+]([O-])=O
202,CID000003964,DB00408,CN1CCN(CC1)C1=NC2=CC=CC=C2OC2=C1C=C(Cl)C=C2
203,CID000002764,DB00537,OC(=O)C1=CN(C2CC2)C2=CC(N3CCNCC3)=C(F)C=C2C1=O
204,CID000002609,DB00833,[H][C@]12SCC(Cl)=C(N1C(=O)[C@H]2NC(=O)[C@H](N)C1=CC=CC=C1)C(O)=O
205,CID000004449,DB01149,CCC1=NN(CCCN2CCN(CC2)C2=CC(Cl)=CC=C2)C(=O)N1CCOC1=CC=CC=C1
206,CID000003640,DB00741,[H][C@@]12CC[C@](O)(C(=O)CO)[C@@]1(C)C[C@H](O)[C@@]1([H])[C@@]2([H])CCC2=CC(=O)CC[C@]12C
207,CID000041693,DB00708,CCC(=O)N(C1=CC=CC=C1)C1(COC)CCN(CCC2=CC=CS2)CC1
208,CID003085017,DB00658,NCC=C.ClCC1CO1
209,CID000005878,DB00621,[H][C@@]12CC[C@](C)(O)[C@@]1(C)CC[C@@]1([H])[C@@]2([H])CC[C@@]2([H])CC(=O)OC[C@]12C
210,CID000003016,DB00829,CN1C2=C(C=C(Cl)C=C2)C(=NCC1=O)C1=CC=CC=C1
211,CID000005090,DB00533,CS(=O)(=O)C1=CC=C(C=C1)C1=C(C(=O)OC1)C1=CC=CC=C1
212,CID000004603,DB00198,CCOC(=O)C1=C[C@@H](OC(CC)CC)[C@H](NC(C)=O)[C@@H](N)C1
213,CID000003780,DB00883,[H][C@]12OC[C@H](O[N+]([O-])=O)[C@@]1([H])OC[C@H]2O[N+]([O-])=O
214,CID000003305,DB01077,CC(O)(P(O)(O)=O)P(O)(O)=O
215,CID000005523,DB00193,COC1=CC=CC(=C1)[C@@]1(O)CCCC[C@@H]1CN(C)C
216,CID000004993,DB00205,CCC1=C(C(N)=NC(N)=N1)C1=CC=C(Cl)C=C1
217,CID000000444,DB01156,CC(NC(C)(C)C)C(=O)C1=CC(Cl)=CC=C1
218,CID000004943,DB00818,CC(C)C1=CC=CC(C(C)C)=C1O
219,CID000003198,DB01127,ClC1=CC=C(COC(CN2C=CN=C2)C2=C(Cl)C=C(Cl)C=C2)C=C1
220,CID000002720,DB00880,NS(=O)(=O)C1=C(Cl)C=C2NC=NS(=O)(=O)C2=C1
221,CID000005645,DB01586,[H][C@@]1(CC[C@@]2([H])[C@]3([H])[C@@H](O)C[C@]4([H])C[C@H](O)CC[C@]4(C)[C@@]3([H])CC[C@]12C)[C@H](C)CCC(O)=O
222,CID000005245,DB00884,OC(CC1=CN=CC=C1)(P(O)(O)=O)P(O)(O)=O
223,CID000036811,DB00841,CC(CCC1=CC=C(O)C=C1)NCCC1=CC(O)=C(O)C=C1
224,CID000005184,DB00747,CN1[C@H]2C[C@@H](C[C@@H]1[C@H]1O[C@@H]21)OC(=O)[C@H](CO)C1=CC=CC=C1
225,CID000003510,DB00889,CN1N=C(C(=O)N[C@@H]2C[C@@H]3CCC[C@H](C2)N3C)C2=C1C=CC=C2
226,CID000147912,DB01263,[H][C@@](C)(O)[C@]([H])(CC)N1N=CN(C1=O)C1=CC=C(C=C1)N1CCN(CC1)C1=CC=C(OC[C@]2([H])CO[C@](CN3C=NC=N3)(C2)C2=C(F)C=C(F)C=C2)C=C1
227,CID000004616,DB00842,OC1N=C(C2=CC=CC=C2)C2=C(NC1=O)C=CC(Cl)=C2
228,CID005281007,DB00851,CN(C)\N=N\C1=C(N=CN1)C(N)=O
229,CID000000214,DB00770,CCCCC[C@H](O)C=C[C@H]1[C@H](O)CC(=O)[C@@H]1CCCCCCC(O)=O
230,CID000003372,DB00623,OCCN1CCN(CCCN2C3=CC=CC=C3SC3=C2C=C(C=C3)C(F)(F)F)CC1
231,CID000001986,DB00819,CC(=O)NC1=NN=C(S1)S(N)(=O)=O
232,CID000125889,DB00230,CC(C)C[C@H](CN)CC(O)=O
233,CID000004419,DB00844,O[C@H]1CC[C@@]2(O)[C@H]3CC4=CC=C(O)C5=C4[C@@]2(CCN3CC2CCC2)[C@H]1O5
234,CID000005472,DB00208,ClC1=CC=CC=C1CN1CCC2=C(C1)C=CS2
235,CID000444033,DB01410,[H][C@@]12C[C@@]3([H])[C@]4([H])CCC5=CC(=O)C=C[C@]5(C)[C@@]4([H])[C@@H](O)C[C@]3(C)[C@@]1(O[C@@H](O2)C1CCCCC1)C(=O)COC(=O)C(C)C
236,CID000004635,DB00497,[H][C@@]12OC3=C(OC)C=CC4=C3[C@@]11CCN(C)[C@]([H])(C4)[C@]1(O)CCC2=O
237,CID000005064,DB00811,NC(=O)C1=NN(C=N1)[C@@H]1O[C@H](CO)[C@@H](O)[C@H]1O
238,CID000004614,DB00991,OC(=O)CCC1=NC(=C(O1)C1=CC=CC=C1)C1=CC=CC=C1
239,CID000004736,DB00652,C[C@H]1[C@H]2CC3=CC=C(O)C=C3[C@]1(C)CCN2CC=C(C)C
240,CID000002973,DB00746,CC(=O)N(O)CCCCCNC(=O)CCC(=O)N(O)CCCCCNC(=O)CCC(=O)N(O)CCCCCN
241,CID000000206,DB02379,OC[C@H]1O[C@@H](O)[C@H](O)[C@@H](O)[C@@H]1O
242,CID000005454,DB01623,CN(C)S(=O)(=O)C1=CC2=C(SC3=CC=CC=C3\C2=C\CCN2CCN(C)CC2)C=C1
243,CID000003373,DB01205,CCOC(=O)C1=C2CN(C)C(=O)C3=C(C=CC(F)=C3)N2C=N1
244,CID000004819,DB01085,CC[C@H]1[C@@H](CC2=CN=CN2C)COC1=O
245,CID000005253,DB00489,CC(C)NCC(O)C1=CC=C(NS(C)(=O)=O)C=C1
246,CID000004599,DB01083,CCCCCCCCCCC[C@@H](C[C@@H]1OC(=O)[C@H]1CCCCCC)OC(=O)[C@H](CC(C)C)NC=O
247,CID000003724,DB01249,CC(=O)N(CC(O)CN(C(C)=O)C1=C(I)C(C(=O)NCC(O)CO)=C(I)C(C(=O)NCC(O)CO)=C1I)C1=C(I)C(C(=O)NCC(O)CO)=C(I)C(C(=O)NCC(O)CO)=C1I
248,CID000002631,DB00493,[H][C@]12SCC(COC(C)=O)=C(N1C(=O)[C@H]2NC(=O)C(=N/OC)\C1=CSC(N)=N1)C(O)=O
249,CID000003365,DB00196,OC(CN1C=NC=N1)(CN1C=NC=N1)C1=C(F)C=C(F)C=C1
250,CID000001690,DB00445,COC1=CC=CC2=C1C(=O)C1=C(O)C3=C(C[C@](O)(C[C@@H]3O[C@H]3C[C@H](N)[C@@H](O)[C@H](C)O3)C(=O)CO)C(O)=C1C2=O
251,CID000005544,DB00620,[H][C@@]12C[C@@H](O)[C@](O)(C(=O)CO)[C@@]1(C)C[C@H](O)[C@@]1(F)[C@@]2([H])CCC2=CC(=O)C=C[C@]12C
252,CID000005070,DB00740,NC1=NC2=C(S1)C=C(OC(F)(F)F)C=C2
253,CID000004064,DB00371,CCCC(C)(COC(N)=O)COC(N)=O
254,CID000002554,DB00564,NC(=O)N1C2=CC=CC=C2C=CC2=CC=CC=C12
255,CID000002187,DB01217,CC(C)(C#N)C1=CC(=CC(CN2C=NC=N2)=C1)C(C)(C)C#N
256,CID000002891,DB00115,[C@H]1([C@@H]2[C@H]([C@@H](N3C4=CC(=C(C)C=C4[N+]([Co-3]456(N7C8=C(C9=[N+]4C(C([C@@H]9CCC(N)=O)(C)C)=CC4=[N+]5C(=C(C5=[N+]6[C@@]([C@]7([C@@H]([C@@]8(C)CCC(=O)NC[C@@]([H])(C)OP([O-])(=O)O2)CC(N)=O)[H])([C@@]([C@@H]5CCC(N)=O)(C)CC(N)=O)C)C)[C@@]([C@@H]4CCC(N)=O)(C)CC(N)=O)C)C#N)=C3)C)O1)O)CO
257,CID000004159,DB00959,[H][C@@]12CC[C@](O)(C(=O)CO)[C@@]1(C)C[C@H](O)[C@@]1([H])[C@@]2([H])C[C@H](C)C2=CC(=O)C=C[C@]12C
258,CID001349907,DB00763,CN1C=CNC1=S
259,CID000005596,DB00209,[H][C@]12CC[C@]([H])(C[C@@H](C1)OC(=O)C(O)(C1=CC=CC=C1)C1=CC=CC=C1)[N+]21CCCC1
260,CID000054808,DB00873,[H][C@@]12CC[C@](O)(C(=O)OCCl)[C@@]1(C)C[C@H](O)[C@@]1([H])[C@@]2([H])CCC2=CC(=O)C=C[C@]12C
261,CID000003672,DB01050,CC(C)CC1=CC=C(C=C1)C(C)C(O)=O
262,CID000002153,DB00277,CN1C2=C(NC=N2)C(=O)N(C)C1=O
263,CID000002171,DB01060,[H][C@]12SC(C)(C)[C@@H](N1C(=O)[C@H]2NC(=O)[C@H](N)C1=CC=C(O)C=C1)C(O)=O
264,CID000003826,DB00465,OC(=O)C1CCN2C1=CC=C2C(=O)C1=CC=CC=C1
265,CID000003203,DB00625,FC(F)(F)[C@]1(OC(=O)NC2=C1C=C(Cl)C=C2)C#CC1CC1
266,CID000003914,DB01210,CC(C)(C)NC[C@H](O)COC1=CC=CC2=C1CCCC2=O
267,CID000001546,DB00242,NC1=C2N=CN([C@H]3C[C@H](O)[C@@H](CO)O3)C2=NC(Cl)=N1
268,CID000005466,DB00906,CC1=C(SC=C1)C(=CCCN1CCC[C@H](C1)C(O)=O)C1=C(C)C=CS1
269,CID000019090,DB00351,[H][C@@]12CC[C@](OC(C)=O)(C(C)=O)[C@@]1(C)CC[C@@]1([H])[C@@]2([H])C=C(C)C2=CC(=O)CC[C@]12C
270,CID000003394,DB00712,CC(C(O)=O)C1=CC(F)=C(C=C1)C1=CC=CC=C1
271,CID000004828,DB00960,CC(C)NCC(O)COC1=CC=CC2=C1C=CN2
272,CID000003261,DB01215,ClC1=CC2=C(C=C1)N1C=NN=C1CN=C2C1=CC=CC=C1
273,CID000003793,DB01167,CCC(C)N1N=CN(C1=O)C1=CC=C(C=C1)N1CCN(CC1)C1=CC=C(OC[C@H]2CO[C@@](CN3C=NC=N3)(O2)C2=C(Cl)C=C(Cl)C=C2)C=C1
274,CID000004510,DB00727,[O-][N+](=O)OCC(CO[N+]([O-])=O)O[N+]([O-])=O
275,CID000003382,DB01047,[H][C@@]12C[C@@]3([H])[C@]4([H])C[C@]([H])(F)C5=CC(=O)C=C[C@]5(C)[C@@]4(F)[C@@H](O)C[C@]3(C)[C@@]1(OC(C)(C)O2)C(=O)COC(C)=O
276,CID000005735,DB00402,CN1CCN(CC1)C(=O)O[C@@H]1N(C(=O)C2=NC=CN=C12)C1=NC=C(Cl)C=C1
277,CID000002156,DB01118,CCCCC1=C(C(=O)C2=CC(I)=C(OCCN(CC)CC)C(I)=C2)C2=C(O1)C=CC=C2
278,CID000004044,DB00784,CC1=C(C)C(NC2=CC=CC=C2C(O)=O)=CC=C1
279,CID000004192,DB00683,CC1=NC=C2CN=C(C3=CC=CC=C3F)C3=C(C=CC(Cl)=C3)N12
280,CID000004834,DB00319,[H][C@]12SC(C)(C)[C@@H](N1C(=O)[C@H]2NC(=O)[C@H](NC(=O)N1CCN(CC)C(=O)C1=O)C1=CC=CC=C1)C(O)=O
281,CID000004497,DB00393,COCCOC(=O)C1=C(C)NC(C)=C(C1C1=CC(=CC=C1)[N+]([O-])=O)C(=O)OC(C)C
282,CID000005732,DB00425,CN(C)C(=O)CC1=C(N=C2C=CC(C)=CN12)C1=CC=C(C)C=C1
283,CID000002375,DB01128,CC(O)(CS(=O)(=O)C1=CC=C(F)C=C1)C(=O)NC1=CC(=C(C=C1)C#N)C(F)(F)F
284,CID000059708,DB01202,CC[C@H](N1CCCC1=O)C(N)=O
285,CID000003154,DB00869,CCN[C@H]1C[C@H](C)S(=O)(=O)C2=C1C=C(S2)S(N)(=O)=O
286,CID000004745,DB01186,[H][C@@]12CC3=CNC4=CC=CC(=C34)[C@@]1([H])C[C@@H](CSC)CN2CCC
287,CID000002232,DB00278,C[C@@H]1CCN([C@H](C1)C(O)=O)C(=O)[C@H](CCCNC(N)=N)NS(=O)(=O)C1=CC=CC2=C1NCC(C)C2
288,CID000004236,DB00745,NC(=O)CS(=O)C(C1=CC=CC=C1)C1=CC=CC=C1
289,CID000150610,DB00303,[H][C@]12[C@@H](C)C(S[C@]3([H])CN[C@@]([H])(C3)C(=O)NC3=CC=CC(=C3)C(O)=O)=C(N1C(=O)[C@]2([H])[C@@H](C)O)C(O)=O
290,CID000002274,DB00355,C[C@H]1[C@H](NC(=O)C(=N/OC(C)(C)C(=O)O)\C2=CSC([NH3+])=N2)C(=O)N1S([O-])(=O)=O
291,CID000027661,DB01020,[H][C@]12OC[C@@H](O[N+]([O-])=O)[C@@]1([H])OC[C@@H]2O
292,CID000104741,DB00947,[H][C@@]12CC[C@H](O)[C@@]1(C)CC[C@@]1([H])C2[C@H](CCCCCCCCCS(=O)CCCC(F)(F)C(F)(F)F)CC2=CC(O)=CC=C12
293,CID000004991,DB00545,CN(C)C(=O)OC1=C[N+](C)=CC=C1
294,CID000003690,DB01181,ClCCNP1(=O)OCCCN1CCCl
295,CID000002726,DB00477,CN(C)CCCN1C2=CC=CC=C2SC2=C1C=C(Cl)C=C2
296,CID000003767,DB00951,NNC(=O)C1=CC=NC=C1
297,CID000148211,DB00377,[H][C@]12CCCC3=C1C(=CC=C3)C(=O)N(C2)[C@@H]1CN2CCC1CC2
298,CID000004666,DB01229,[H][C@]12[C@H](OC(=O)C3=CC=CC=C3)[C@]3(O)C[C@H](OC(=O)[C@H](O)[C@@H](NC(=O)C4=CC=CC=C4)C4=CC=CC=C4)C(C)=C([C@@H](OC(C)=O)C(=O)[C@]1(C)[C@@H](O)C[C@H]1OC[C@@]21OC(C)=O)C3(C)C
299,CID000002474,DB00297,CCCCN1CCCCC1C(=O)NC1=C(C)C=CC=C1C
300,CID005381226,DB01045,CO[C@H]1\C=C\O[C@@]2(C)OC3=C(C2=O)C2=C(O)C(\C=N\N4CCN(C)CC4)=C(NC(=O)\C(C)=C/C=C/[C@H](C)[C@H](O)[C@@H](C)[C@@H](O)[C@@H](C)[C@H](OC(C)=O)[C@@H]1C)C(O)=C2C(O)=C3C
301,CID000005381,DB00799,CCOC(=O)C1=CN=C(C=C1)C#CC1=CC2=C(SCCC2(C)C)C=C1
302,CID000002462,DB01222,[H][C@@]12C[C@H]3OC(CCC)O[C@@]3(C(=O)CO)[C@@]1(C)C[C@H](O)[C@@]1([H])[C@@]2([H])CCC2=CC(=O)C=C[C@]12C
303,CID005362070,DB01014,OC(=O)CCNC(=O)C1=CC=C(C=C1)\N=N\C1=CC=C(O)C(=C1)C(O)=O
304,CID000041774,DB00284,[H][C@@](O)(CO)[C@@]([H])(O[C@@]1([H])O[C@]([H])(CO)[C@@]([H])(O[C@@]2([H])O[C@]([H])(C)[C@@]([H])(N[C@@]3([H])C=C(CO)[C@@]([H])(O)[C@]([H])(O)[C@@]3([H])O)[C@]([H])(O)[C@@]2([H])O)[C@]([H])(O)[C@@]1([H])O)[C@]([H])(O)[C@@]([H])(O)C=O
305,CID000003255,DB00199,CC[C@H]1OC(=O)[C@H](C)[C@@H](O[C@H]2C[C@@](C)(OC)[C@@H](O)[C@H](C)O2)[C@H](C)[C@@H](O[C@@H]2O[C@H](C)C[C@@H]([C@H]2O)N(C)C)[C@](C)(O)C[C@@H](C)C(=O)[C@H](C)[C@@H](O)[C@]1(C)O
306,CID000005291,DB00619,CN1CCN(CC2=CC=C(C=C2)C(=O)NC2=CC(NC3=NC=CC(=N3)C3=CN=CC=C3)=C(C)C=C2)CC1
307,CID000001071,DB00162,C\C(=C/CO)\C=C\C=C(/C)\C=C\C1=C(C)CCCC1(C)C
308,CID000003676,DB00281,CCN(CC)CC(=O)NC1=C(C)C=CC=C1C
309,CID000003279,DB00330,CC[C@@H](CO)NCCN[C@@H](CC)CO
310,CID000054688,DB01211,[H][C@@]1(C[C@@](C)(OC)[C@@H](O)[C@H](C)O1)O[C@H]1[C@H](C)[C@@H](O[C@]2([H])O[C@H](C)C[C@@H]([C@H]2O)N(C)C)[C@@](C)(C[C@@H](C)C(=O)[C@H](C)[C@@H](O)[C@](C)(O)[C@@H](CC)OC(=O)[C@@H]1C)OC
311,CID000005731,DB00315,CN(C)CCC1=CNC2=CC=C(C[C@H]3COC(=O)N3)C=C12
312,CID000003384,DB00324,[H][C@@]12CC[C@](O)(C(C)=O)[C@@]1(C)C[C@H](O)[C@@]1(F)[C@@]2([H])C[C@H](C)C2=CC(=O)C=C[C@]12C
313,CID000004451,DB00220,[H][C@@]12CCCC[C@]1([H])CN(C[C@@H](O)[C@H](CSC1=CC=CC=C1)NC(=O)C1=C(C)C(O)=CC=C1)[C@@H](C2)C(=O)NC(C)(C)C
314,CID000004499,DB00401,COC(=O)C1=C(C)NC(C)=C(C1C1=CC=CC=C1[N+]([O-])=O)C(=O)OCC(C)C
315,CID000064147,DB01610,CC(C)[C@H](N)C(=O)OCC(CO)OCN1C=NC2=C1NC(N)=NC2=O
316,CID000003658,DB00557,OCCOCCN1CCN(CC1)C(C1=CC=CC=C1)C1=CC=C(Cl)C=C1
317,CID000010631,DB00603,[H][C@@]12CC[C@](OC(C)=O)(C(C)=O)[C@@]1(C)CC[C@@]1([H])[C@@]2([H])C[C@H](C)C2=CC(=O)CC[C@]12C
318,CID000060184,DB00790,[H][C@]12C[C@H](N(C(=O)[C@H](C)N[C@@H](CCC)C(=O)OCC)[C@@]1([H])CCCC2)C(O)=O
319,CID000004178,DB00379,CC(N)COC1=C(C)C=CC=C1C
320,CID000003393,DB00690,CCN(CC)CCN1C2=C(C=C(Cl)C=C2)C(=NCC1=O)C1=CC=CC=C1F
321,CID000002949,DB01406,[H][C@@]12CC[C@@](O)(C#C)[C@@]1(C)CC[C@@]1([H])[C@@]2([H])CCC2=CC3=C(C[C@]12C)C=NO3
322,CID000041781,DB00214,CC(C)NC(=O)NS(=O)(=O)C1=C(NC2=CC=CC(C)=C2)C=CN=C1
323,CID000216326,DB00480,NC1=CC=CC2=C1CN(C1CCC(=O)NC1=O)C2=O
324,CID000003657,DB01005,NC(=O)NO
325,CID000002269,DB00207,CC[C@H]1OC(=O)[C@H](C)[C@@H](O[C@H]2C[C@@](C)(OC)[C@@H](O)[C@H](C)O2)[C@H](C)[C@@H](O[C@@H]2O[C@H](C)C[C@@H]([C@H]2O)N(C)C)[C@](C)(O)C[C@@H](C)CN(C)[C@H](C)[C@@H](O)[C@]1(C)O
326,CID000005734,DB00909,NS(=O)(=O)CC1=NOC2=CC=CC=C12
327,CID000013342,DB00570,[H][C@@]12N(C)C3=CC(OC)=C(C=C3[C@@]11CCN3CC=C[C@](CC)([C@@]13[H])[C@@]([H])(OC(C)=O)[C@]2(O)C(=O)OC)[C@]1(C[C@@]2([H])CN(C[C@](O)(CC)C2)CCC2=C1NC1=CC=CC=C21)C(=O)OC
328,CID000003310,DB00773,[H][C@]12COC(=O)[C@]1([H])[C@H](C1=CC(OC)=C(O)C(OC)=C1)C1=CC3=C(OCO3)C=C1[C@H]2O[C@@H]1O[C@]2([H])CO[C@@H](C)O[C@@]2([H])[C@H](O)[C@H]1O
329,CID006398970,DB00535,[H][C@]12SCC(C=C)=C(N1C(=O)[C@H]2NC(=O)C(=N/O)\C1=CSC(N)=N1)C(O)=O
330,CID000003043,DB00900,OC[C@@H]1CC[C@@H](O1)N1C=NC2=C1NC=NC2=O
331,CID000005073,DB00734,CC1=C(CCN2CCC(CC2)C2=NOC3=C2C=CC(F)=C3)C(=O)N2CCCCC2=N1
332,CID004659569,DB00323,CC1=CC=C(C=C1)C(=O)C1=CC(=C(O)C(O)=C1)[N+]([O-])=O
333,CID000004740,DB00806,CN1C=NC2=C1C(=O)N(CCCCC(C)=O)C(=O)N2C
334,CID000002487,DB00611,[H][C@@]12CC3=C(C=C(O)C=C3)[C@]3(CCCC[C@@]13O)CCN2CC1CCC1
335,CID000004601,DB01173,CN(C)CCOC(C1=CC=CC=C1)C1=CC=CC=C1C
336,CID000003385,DB00544,FC1=CNC(=O)NC1=O
337,CID000004409,DB00461,COC1=CC2=C(C=C1)C=C(CCC(C)=O)C=C2
338,CID000012536,DB01260,[H][C@@]12C[C@@]3([H])[C@]4([H])CCC5=CC(=O)C=C[C@]5(C)[C@@]4([H])[C@@H](O)C[C@]3(C)[C@@]1(OC(C)(C)O2)C(=O)CO
339,CID000000861,DB00279,N[C@@H](CC1=CC(I)=C(OC2=CC(I)=C(O)C=C2)C(I)=C1)C(O)=O
340,CID000004463,DB00238,CC1=C2NC(=O)C3=C(N=CC=C3)N(C3CC3)C2=NC=C1
341,CID000003121,DB00313,CCCC(CCC)C(O)=O
342,CID000005978,DB00541,[H][C@@]12N3CC[C@@]11C4=CC(=C(OC)C=C4N(C=O)[C@@]1([H])[C@](O)([C@H](OC(C)=O)[C@]2(CC)C=CC3)C(=O)OC)[C@]1(C[C@]2([H])CN(C[C@](O)(CC)C2)CCC2=C1NC1=CC=CC=C21)C(=O)OC
343,CID000002719,DB00608,CCN(CC)CCCC(C)NC1=C2C=CC(Cl)=CC2=NC=C1
344,CID000002471,DB00887,CCCCNC1=C(OC2=CC=CC=C2)C(=CC(=C1)C(O)=O)S(N)(=O)=O
345,CID000003403,DB01095,CC(C)N1C(\C=C\[C@H](O)C[C@H](O)CC(O)=O)=C(C2=CC=C(F)C=C2)C2=CC=CC=C12
346,CID000002658,DB01112,[H][C@]12SCC(COC(N)=O)=C(N1C(=O)[C@H]2NC(=O)C(=N/OC)\C1=CC=CO1)C(O)=O
347,CID000002585,DB01136,COC1=CC=CC=C1OCCNCC(O)COC1=CC=CC2=C1C1=CC=CC=C1N2
348,CID000072938,DB01155,CO\N=C1/CN(CC1CN)C1=NC2=C(C=C1F)C(=O)C(=CN2C1CC1)C(O)=O
349,CID000003003,DB00443,[H][C@@]12C[C@H](C)[C@](O)(C(=O)CO)[C@@]1(C)C[C@H](O)[C@@]1(F)[C@@]2([H])CCC2=CC(=O)C=C[C@]12C
350,CID000004011,DB00934,CNCCCC12CCC(C3=CC=CC=C13)C1=CC=CC=C21
351,CID000002732,DB00310,NS(=O)(=O)C1=C(Cl)C=CC(=C1)C1(O)NC(=O)C2=CC=CC=C12
352,CID000657298,DB00550,CCCC1=CC(=O)NC(=S)N1
353,CID000002141,DB01143,NCCCNCCSP(O)(O)=O
354,CID000002650,DB00438,[O-]C(=O)C1=C(CS[C@]2([H])[C@H](NC(=O)C(=N/OC(C)(C)C(O)=O)\C3=CSC(N)=N3)C(=O)N12)C[N+]1=CC=CC=C1
355,CID000005379,DB01044,COC1=C2N(C=C(C(O)=O)C(=O)C2=CC(F)=C1N1CCNC(C)C1)C1CC1
356,CID000004506,DB01595,[O-][N+](=O)C1=CC2=C(NC(=O)CN=C2C2=CC=CC=C2)C=C1
357,CID000003410,DB00983,COC1=CC=C(CC(C)NCC(O)C2=CC(NC=O)=C(O)C=C2)C=C1
358,CID000002646,DB01150,[H][C@]12SCC(C=CC)=C(N1C(=O)[C@@]2([H])NC(=O)[C@H](N)C1=CC=C(O)C=C1)C(O)=O
359,CID000003117,DB00822,CCN(CC)C(=S)SSC(=S)N(CC)CC
360,CID000003345,DB00813,CCC(=O)N(C1CCN(CCC2=CC=CC=C2)CC1)C1=CC=CC=C1
361,CID000005717,DB00549,COC1=C(CC2=CN(C)C3=C2C=C(NC(=O)OC2CCCC2)C=C3)C=CC(=C1)C(=O)NS(=O)(=O)C1=CC=CC=C1C
362,CID000002435,DB00484,BrC1=C(NC2=NCCN2)C=CC2=NC=CN=C12
363,CID000005572,DB00376,OC(CCN1CCCCC1)(C1CCCCC1)C1=CC=CC=C1
364,CID000002170,DB00543,ClC1=CC2=C(OC3=CC=CC=C3N=C2N2CCNCC2)C=C1
365,CID000145068,DB00435,[N]=O
366,CID000002662,DB00482,CC1=CC=C(C=C1)C1=CC(=NN1C1=CC=C(C=C1)S(N)(=O)=O)C(F)(F)F
367,CID000002733,DB00356,ClC1=CC2=C(OC(=O)N2)C=C1
368,CID000005035,DB00481,OC1=CC=C(C=C1)C1=C(C(=O)C2=CC=C(OCCN3CCCCC3)C=C2)C2=C(S1)C=C(O)C=C2
369,CID005487301,DB01079,CCCCCNC(=N)N\N=C\C1=CNC2=C1C=C(OC)C=C2
370,CID000003675,DB00780,NNCCC1=CC=CC=C1
371,CID000002666,DB00567,[H][C@]12SCC(C)=C(N1C(=O)[C@H]2NC(=O)[C@H](N)C1=CC=CC=C1)C(O)=O
372,CID000004095,DB00333,CCC(=O)C(CC(C)N(C)C)(C1=CC=CC=C1)C1=CC=CC=C1
373,CID000003308,DB00749,CCC1=C2NC3=C(CCOC3(CC)CC(O)=O)C2=CC=C1
374,CID000003042,DB00804,CCN(CC)CCOC(=O)C1(CCCCC1)C1CCCCC1
375,CID000004634,DB01062,CCN(CC)CC#CCOC(=O)C(O)(C1CCCCC1)C1=CC=CC=C1
376,CID000005358,DB00669,CNS(=O)(=O)CC1=CC2=C(NC=C2CCN(C)C)C=C1
377,CID000003516,DB00874,COC1=CC=CC=C1OCC(O)CO
378,CID000077992,DB00998,CN[C@@H]1CCC2=C(C1)C1=C(N2)C=CC(=C1)C(N)=O
379,CID000002801,DB01242,CN(C)CCCN1C2=CC=CC=C2CCC2=C1C=C(Cl)C=C2
380,CID000003821,DB01221,CNC1(CCCCC1=O)C1=CC=CC=C1Cl
381,CID000003463,DB01241,CC1=CC(OCCCC(C)(C)C(O)=O)=C(C)C=C1
382,CID000005005,DB00881,CCOC(=O)[C@H](CCC1=CC=CC=C1)N[C@@H](C)C(=O)N1CC2=CC=CC=C2C[C@H]1C(O)=O
383,CID000003958,DB00186,OC1N=C(C2=CC=CC=C2Cl)C2=C(NC1=O)C=CC(Cl)=C2
384,CID000003367,DB04441,[H][C@]1(CO)O[C@@]([H])(N2C=NC3=C(N)N=C(F)N=C23)[C@]([H])(O)[C@]1([H])O
385,CID000000942,DB00184,CN1CCC[C@H]1C1=CN=CC=C1
386,CID000002477,DB00490,O=C1CC2(CCCC2)CC(=O)N1CCCCN1CCN(CC1)C1=NC=CC=N1
387,CID000005376,DB00675,CC\C(=C(/C1=CC=CC=C1)C1=CC=C(OCCN(C)C)C=C1)C1=CC=CC=C1
388,CID000003152,DB00843,COC1=C(OC)C=C2C(=O)C(CC3CCN(CC4=CC=CC=C4)CC3)CC2=C1
389,CID000004170,DB00524,CC1NC2=CC(Cl)=C(C=C2C(=O)N1C1=CC=CC=C1C)S(N)(=O)=O
390,CID000002727,DB00672,CCCNC(=O)NS(=O)(=O)C1=CC=C(Cl)C=C1
391,CID000005746,DB00305,CO[C@]12[C@H]3N[C@H]3CN1C1=C([C@H]2COC(N)=O)C(=O)C(N)=C(C)C1=O
392,CID000003746,DB00332,[H][C@]12CC[C@]([H])(C[C@@H](C1)OC(=O)C(CO)C1=CC=CC=C1)[N+]2(C)C(C)C
393,CID005362420,DB00460,COC(=O)CCC1=C2NC(\C=C3/N=C(/C=C4\N\C(=C/C5=N/C(=C\2)/C(CCC(O)=O)=C5C)C(C=C)=C4C)C2=CC=C([C@@H](C(=O)OC)[C@@]32C)C(=O)OC)=C1C
394,CID000005077,DB00989,CCN(C)C(=O)OC1=CC=CC(=C1)[C@H](C)N(C)C
395,CID000004585,DB00334,CN1CCN(CC1)C1=NC2=CC=CC=C2NC2=C1C=C(C)S2
396,CID000004547,DB00912,CCOC1=C(C=CC(CC(=O)N[C@@H](CC(C)C)C2=CC=CC=C2N2CCCCC2)=C1)C(O)=O
397,CID000004927,DB01069,CC(CN1C2=CC=CC=C2SC2=CC=CC=C12)N(C)C
398,CID000004889,DB00175,[H][C@]12[C@H](C[C@H](O)C=C1C=C[C@H](C)[C@@H]2CC[C@@H](O)C[C@@H](O)CC(O)=O)OC(=O)[C@@H](C)CC
399,CID000005593,DB00809,CCN(CC1=CC=NC=C1)C(=O)C(CO)C1=CC=CC=C1
400,CID000054786,DB00374,[H][C@]12C[C@@H](O)[C@H](CC[C@@H](O)CCCCC)[C@@]1([H])CC1=C(C2)C(OCC(O)=O)=CC=C1
401,CID000150311,DB00973,O[C@@H](CC[C@@H]1[C@H](N(C1=O)C1=CC=C(F)C=C1)C1=CC=C(O)C=C1)C1=CC=C(F)C=C1
402,CID000002576,DB00395,CCCC(C)(COC(N)=O)COC(=O)NC(C)C
403,CID000004189,DB01110,ClC1=CC(Cl)=C(COC(CN2C=CN=C2)C2=C(Cl)C=C(Cl)C=C2)C=C1
404,CID004659568,DB00494,CCN(CC)C(=O)C(=C\C1=CC(=C(O)C(O)=C1)[N+]([O-])=O)\C#N
405,CID000005076,DB00503,CC(C)[C@H](NC(=O)N(C)CC1=CSC(=N1)C(C)C)C(=O)N[C@H](C[C@H](O)[C@H](CC1=CC=CC=C1)NC(=O)OCC1=CN=CS1)CC1=CC=CC=C1
406,CID000002712,DB00475,CNC1=NC2=C(C=C(Cl)C=C2)C(C2=CC=CC=C2)=[N+]([O-])C1
407,CID000060787,DB01232,[H][C@@](O)(CN1C[C@@]2([H])CCCC[C@@]2([H])C[C@@]1([H])C(O)=NC(C)(C)C)[C@]([H])(CC1=CC=CC=C1)N=C(O)[C@]([H])(CC(O)=N)NC(=O)C1=NC2=CC=CC=C2C=C1
408,CID000003405,DB00158,NC1=NC(=O)C2=NC(CNC3=CC=C(C=C3)C(=O)N[C@@H](CCC(O)=O)C(O)=O)=CN=C2N1
409,CID000003559,DB00502,OC1(CCN(CCCC(=O)C2=CC=C(F)C=C2)CC1)C1=CC=C(Cl)C=C1
410,CID000004829,DB01132,CCC1=CN=C(CCOC2=CC=C(CC3SC(=O)NC3=O)C=C2)C=C1
411,CID000005152,DB00938,OCC1=C(O)C=CC(=C1)C(O)CNCCCCCCOCCCCC1=CC=CC=C1
412,CID000003883,DB00448,CC1=C(OCC(F)(F)F)C=CN=C1CS(=O)C1=NC2=CC=CC=C2N1
413,CID000004473,DB00622,COC(=O)C1=C(C)NC(C)=C(C1C1=CC(=CC=C1)[N+]([O-])=O)C(=O)OCCN(C)CC1=CC=CC=C1
414,CID000003899,DB01097,CC1=C(C=NO1)C(=O)NC1=CC=C(C=C1)C(F)(F)F
415,CID000072054,DB00496,NC(=O)C([C@@H]1CCN(CCC2=CC3=C(OCC3)C=C2)C1)(C1=CC=CC=C1)C1=CC=CC=C1
416,CID000003397,DB00499,CC(C)C(=O)NC1=CC(=C(C=C1)[N+]([O-])=O)C(F)(F)F
417,CID000002182,DB00261,ClC1=CC=C2N=C3NC(=O)CN3CC2=C1Cl
418,CID000002802,DB01068,[O-][N+](=O)C1=CC2=C(NC(=O)CN=C2C2=CC=CC=C2Cl)C=C1
419,CID000002541,DB00796,CCOC1=NC2=C(N1CC1=CC=C(C=C1)C1=CC=CC=C1C1=NN=NN1)C(=CC=C2)C(=O)OC(C)OC(=O)OC1CCCCC1
420,CID000002478,DB01008,CS(=O)(=O)OCCCCOS(C)(=O)=O
421,CID000004054,DB01043,CC12CC3CC(C)(C1)CC(N)(C3)C2
422,CID000005726,DB00495,CC1=CN([C@H]2C[C@H](N=[N+]=[N-])[C@@H](CO)O2)C(=O)NC1=O
423,CID000005195,DB01037,C[C@H](CC1=CC=CC=C1)N(C)CC#C
424,CID005353980,DB00795,OC(=O)C1=CC(=CC=C1O)\N=N\C1=CC=C(C=C1)S(=O)(=O)NC1=NC=CC=C1
425,CID000002524,DB00136,C[C@H](CCCC(C)(C)O)[C@@]1([H])CC[C@@]2([H])\C(CCC[C@]12C)=C\C=C1\C[C@@H](O)C[C@H](O)C1=C
426,CID000065999,DB00966,CCCC1=NC2=C(C=C(C=C2C)C2=NC3=CC=CC=C3N2C)N1CC1=CC=C(C=C1)C1=CC=CC=C1C(O)=O
427,CID000068740,DB00399,OC(CN1C=CN=C1)(P(O)(O)=O)P(O)(O)=O
428,CID000004091,DB00331,CN(C)C(=N)NC(N)=N
429,CID000003494,DB00986,[H][C@@]1(CC[N+](C)(C)C1)OC(=O)[C@@](O)(C1CCCC1)C1=CC=CC=C1
430,CID000004107,DB00423,COC1=CC=CC=C1OCC(O)COC(N)=O
431,CID000444013,DB00538,[Gd+3].COCCNC(=O)CN(CCN(CCN(CC([O-])=O)CC(=O)NCCOC)CC([O-])=O)CC([O-])=O
432,CID000000581,DB06151,CC(=O)N[C@@H](CS)C(O)=O
433,CID000003348,DB00950,CC(C)(C(O)=O)C1=CC=C(C=C1)C(O)CCCN1CCC(CC1)C(O)(C1=CC=CC=C1)C1=CC=CC=C1
434,CID000005352,DB00605,CC1=C(CC(O)=O)C2=CC(F)=CC=C2\C1=C/C1=CC=C(C=C1)S(C)=O
435,CID000004771,DB00191,CC(C)(N)CC1=CC=CC=C1
436,CID000005203,DB01104,CN[C@H]1CC[C@@H](C2=CC(Cl)=C(Cl)C=C2)C2=CC=CC=C12
437,CID000002806,DB00758,[H][C@@](N1CCC2=C(C1)C=CS2)(C(=O)OC)C1=CC=CC=C1Cl
438,CID000003062,DB00390,[H][C@]12CC[C@]3([H])[C@]([H])(C[C@@H](O)[C@]4(C)[C@H](CC[C@]34O)C3=CC(=O)OC3)[C@@]1(C)CC[C@@H](C2)O[C@H]1C[C@H](O)[C@H](O[C@H]2C[C@H](O)[C@H](O[C@H]3C[C@H](O)[C@H](O)[C@@H](C)O3)[C@@H](C)O2)[C@@H](C)O1
439,CID000005650,DB00177,CCCCC(=O)N(CC1=CC=C(C=C1)C1=CC=CC=C1C1=NNN=N1)[C@@H](C(C)C)C(O)=O
440,CID000003066,DB00320,[H][C@@]12CCCN1C(=O)[C@H](CC1=CC=CC=C1)N1C(=O)[C@](C)(NC(=O)[C@H]3CN(C)[C@]4([H])CC5=CNC6=CC=CC(=C56)[C@@]4([H])C3)O[C@@]21O
441,CID000003333,DB01023,CCOC(=O)C1=C(C)NC(C)=C(C1C1=C(Cl)C(Cl)=CC=C1)C(=O)OC
442,CID000003339,DB01039,CC(C)OC(=O)C(C)(C)OC1=CC=C(C=C1)C(=O)C1=CC=C(Cl)C=C1
443,CID000003937,DB00722,NCCCC[C@H](N[C@@H](CCC1=CC=CC=C1)C(O)=O)C(=O)N1CCC[C@H]1C(O)=O
444,CID000038904,DB00958,N.N.O=C1O[Pt]OC(=O)C11CCC1
445,CID000002130,DB00915,NC12CC3CC(CC(C3)C1)C2
446,CID000003404,DB00176,COCCCCC(=NOCCN)C1=CC=C(C=C1)C(F)(F)F
447,CID000034312,DB00776,NC(=O)N1C2=CC=CC=C2CC(=O)C2=C1C=CC=C2
448,CID000003715,DB00328,COC1=CC2=C(C=C1)N(C(=O)C1=CC=C(Cl)C=C1)C(C)=C2CC(O)=O
449,CID000057537,DB05271,CCCN(CCC1=CC=CS1)[C@H]1CCC2=C(O)C=CC=C2C1
450,CID000002675,DB00671,[H][C@]12SCC(C=C)=C(N1C(=O)[C@H]2NC(=O)C(=N/OCC(O)=O)\C1=CSC(N)=N1)C(O)=O
451,CID000005556,DB00897,CC1=NN=C2CN=C(C3=CC=CC=C3Cl)C3=C(C=CC(Cl)=C3)N12
452,CID000000838,DB00668,CNC[C@H](O)C1=CC(O)=C(O)C=C1
453,CID000004171,DB00264,COCCC1=CC=C(OCC(O)CNC(C)C)C=C1
454,CID000004425,DB01183,OC1=CC=C2C[C@H]3N(CC=C)CC[C@@]45[C@@H](OC1=C24)C(=O)CC[C@@]35O
455,CID000003763,DB00753,FC(F)OC(Cl)C(F)(F)F
456,CID000002083,DB01001,CC(C)(C)NCC(O)C1=CC(CO)=C(O)C=C1
457,CID000004920,DB00396,[H][C@@]12CC[C@H](C(C)=O)[C@@]1(C)CC[C@@]1([H])[C@@]2([H])CCC2=CC(=O)CC[C@]12C
458,CID000003158,DB01142,[H]C(CCN(C)C)=C1C2=CC=CC=C2COC2=CC=CC=C12
459,CID000002118,DB00404,CC1=NN=C2CN=C(C3=CC=CC=C3)C3=C(C=CC(Cl)=C3)N12
460,CID000004536,DB00717,[H][C@@]12CC[C@@](O)(C#C)[C@@]1(C)CC[C@]1([H])[C@@]3([H])CCC(=O)C=C3CC[C@@]21[H]
461,CID000148192,DB01072,COC(=O)N[C@H](C(=O)N[C@@H](CC1=CC=CC=C1)[C@@H](O)CN(CC1=CC=C(C=C1)C1=CC=CC=N1)NC(=O)[C@@H](NC(=O)OC)C(C)(C)C)C(C)(C)C
462,CID000002708,DB00291,OC(=O)CCCC1=CC=C(C=C1)N(CCCl)CCCl
463,CID000051634,DB00419,CCCCN1C[C@H](O)[C@@H](O)[C@H](O)[C@H]1CO
464,CID000000298,DB00446,OC[C@@H](NC(=O)C(Cl)Cl)[C@H](O)C1=CC=C(C=C1)[N+]([O-])=O
465,CID000004812,DB01022,CC(C)CCC[C@@H](C)CCC[C@@H](C)CCC\C(C)=C\CC1=C(C)C(=O)C2=C(C=CC=C2)C1=O
466,CID000054454,DB00641,[H][C@]12[C@H](C[C@@H](C)C=C1C=C[C@H](C)[C@@H]2CC[C@@H]1C[C@@H](O)CC(=O)O1)OC(=O)C(C)(C)CC
467,CID000000143,DB00650,[H]C(=O)N1C(CNC2=CC=C(C=C2)C(=O)N[C@@H](CCC(O)=O)C(O)=O)CNC2=C1C(=O)NC(N)=N2
468,CID000002771,DB00215,CN(C)CCCC1(OCC2=C1C=CC(=C2)C#N)C1=CC=C(F)C=C1
469,CID000005530,DB00752,NC1CC1C1=CC=CC=C1
470,CID000004893,DB00457,COC1=C(OC)C=C2C(N)=NC(=NC2=C1)N1CCN(CC1)C(=O)C1=CC=CO1
471,CID000005210,DB01105,CC(C)CC(N(C)C)C1(CCC1)C1=CC=C(Cl)C=C1
472,CID000077993,DB00216,CN1CCC[C@@H]1CC1=CNC2=C1C=C(CCS(=O)(=O)C1=CC=CC=C1)C=C2
473,CID000036339,DB00292,CCOC(=O)C1=CN=CN1[C@H](C)C1=CC=CC=C1
474,CID000002267,DB00972,CN1CCCC(CC1)N1N=C(CC2=CC=C(Cl)C=C2)C2=CC=CC=C2C1=O
475,CID000003652,DB01611,CCN(CCO)CCCC(C)NC1=C2C=CC(Cl)=CC2=NC=C1
476,CID000001065,DB00468,[H][C@]1(C[C@@H]2CC[N@]1C[C@@H]2C=C)[C@H](O)C1=CC=NC2=CC=C(OC)C=C12
477,CID000000450,DB00783,[H][C@@]12CC[C@H](O)[C@@]1(C)CC[C@]1([H])C3=C(CC[C@@]21[H])C=C(O)C=C3
478,CID000003222,DB00584,CCOC(=O)[C@H](CCC1=CC=CC=C1)N[C@@H](C)C(=O)N1CCC[C@H]1C(O)=O
479,CID000004691,DB00715,FC1=CC=C(C=C1)[C@@H]1CCNC[C@H]1COC1=CC2=C(OCO2)C=C1
480,CID000003440,DB00695,NS(=O)(=O)C1=C(Cl)C=C(NCC2=CC=CO2)C(=C1)C(O)=O
481,CID000001983,DB00316,CC(=O)NC1=CC=C(O)C=C1
482,CID000060953,DB01101,CCCCCOC(=O)NC1=NC(=O)N(C=C1F)[C@@H]1O[C@H](C)[C@@H](O)[C@H]1O
483,CID000003902,DB01006,N#CC1=CC=C(C=C1)C(N1C=NC=N1)C1=CC=C(C=C1)C#N
484,CID000071273,DB00296,CCCN1CCCC[C@H]1C(=O)NC1=C(C)C=CC=C1C
485,CID000002786,DB01190,[H][C@@](C)(Cl)[C@@]([H])(N=C(O)[C@]1([H])C[C@@]([H])(CCC)CN1C)[C@@]1([H])O[C@]([H])(SC)[C@]([H])(O)[C@@]([H])(O)[C@@]1([H])O
486,CID000122316,DB01367,C#CCN[C@@H]1CCC2=CC=CC=C12
487,CID000004205,DB00370,CN1CCN2C(C1)C1=CC=CC=C1CC1=C2N=CC=C1
488,CID000047320,DB00565,COC1=CC2=C(C=C1OC)[C@@H](CC1=CC(OC)=C(OC)C=C1)[N@@+](C)(CCC(=O)OCCCCCOC(=O)CC[N@@+]1(C)CCC3=C(C=C(OC)C(OC)=C3)[C@H]1CC1=CC(OC)=C(OC)C=C1)CC2
489,CID000042113,DB01189,FC(F)OC(F)C(F)(F)F
490,CID000003730,DB01362,CC(=O)N(CC(O)CO)C1=C(I)C(C(=O)NCC(O)CO)=C(I)C(C(=O)NCC(O)CO)=C1I
491,CID000004999,DB01589,FC1=CC=CC=C1C1=NCC(=S)N(CC(F)(F)F)C2=C1C=C(Cl)C=C2
492,CID000003962,DB00227,[H][C@]12[C@H](C[C@@H](C)C=C1C=C[C@H](C)[C@@H]2CC[C@@H]1C[C@@H](O)CC(=O)O1)OC(=O)[C@@H](C)CC
493,CID000153941,DB00442,NC1=NC(=O)C2=C(N1)N(C=N2)[C@H]1C[C@H](O)[C@@H](CO)C1=C
494,CID000040976,DB00294,[H][C@@]12CC[C@@](O)(C#C)[C@@]1(CC)CC(=C)[C@]1([H])[C@@]3([H])CCC(=O)C=C3CC[C@@]21[H]
495,CID000002803,DB00575,ClC1=CC=CC(Cl)=C1NC1=NCCN1
496,CID005493381,DB01609,OC(=O)C1=CC=C(C=C1)N1N=C(N=C1C1=CC=CC=C1O)C1=CC=CC=C1O
497,CID000004909,DB00794,CCC1(C(=O)NCNC1=O)C1=CC=CC=C1
498,CID000004034,DB00737,CC1=CC(CN2CCN(CC2)C(C2=CC=CC=C2)C2=CC=C(Cl)C=C2)=CC=C1
499,CID000002812,DB00257,ClC1=CC=CC=C1C(N1C=CN=C1)(C1=CC=CC=C1)C1=CC=CC=C1
500,CID000002951,DB01219,[O-][N+](=O)C1=CC=C(C=C1)C1=CC=C(O1)C=NN1CC(=O)NC1=O
501,CID000005040,DB00877,[H][C@@]1(C[C@@H](C)[C@]2([H])CC(=O)[C@H](C)\C=C(C)\[C@@H](O)[C@@H](OC)C(=O)[C@H](C)C[C@H](C)\C=C\C=C\C=C(C)\[C@H](C[C@]3([H])CC[C@@H](C)[C@@](O)(O3)C(=O)C(=O)N3CCCC[C@@]3([H])C(=O)O2)OC)CC[C@@H](O)[C@@H](C1)OC
502,CID000152945,DB01126,[H][C@@]1(CC[C@@]2([H])[C@]3([H])CC[C@@]4([H])NC(=O)C=C[C@]4(C)[C@@]3([H])CC[C@]12C)C(=O)NC1=CC(=CC=C1C(F)(F)F)C(F)(F)F
503,CID000123631,DB00317,COC1=C(OCCCN2CCOCC2)C=C2C(NC3=CC(Cl)=C(F)C=C3)=NC=NC2=C1
504,CID000000564,DB00513,NCCCCCC(O)=O
505,CID000002637,DB01331,[H][C@]12SCC(COC(N)=O)=C(N1C(=O)[C@]2(NC(=O)CC1=CC=CS1)OC)C(O)=O
506,CID000003961,DB00678,CCCCC1=NC(Cl)=C(CO)N1CC1=CC=C(C=C1)C1=CC=CC=C1C1=NNN=N1
507,CID000004595,DB00904,CN1C2=C(C3=CC=CC=C13)C(=O)C(CN1C=CN=C1C)CC2
508,CID000004727,DB00859,[H][C@](N)(C(O)=O)C(C)(C)S
509,CID000003478,DB01067,CC1=CN=C(C=N1)C(=O)NCCC1=CC=C(C=C1)S(=O)(=O)NC(=O)NC1CCCCC1
510,CID000005426,DB01041,O=C1N(C2CCC(=O)NC2=O)C(=O)C2=CC=CC=C12
511,CID000003040,DB00485,[H][C@]12SC(C)(C)[C@@H](N1C(=O)[C@H]2NC(=O)C1=C(C)ON=C1C1=C(Cl)C=CC=C1Cl)C(O)=O
512,CID000003749,DB01029,CCCCC1=NC2(CCCC2)C(=O)N1CC1=CC=C(C=C1)C1=CC=CC=C1C1=NNN=N1
513,CID000060795,DB01238,ClC1=CC=CC(N2CCN(CCCCOC3=CC4=C(CCC(=O)N4)C=C3)CC2)=C1Cl
514,CID000001206,DB01577,CN[C@@H](C)CC1=CC=CC=C1
515,CID000004542,DB00367,[H][C@@]12CC[C@@](O)(C#C)[C@@]1(CC)CC[C@]1([H])[C@@]3([H])CCC(=O)C=C3CC[C@@]21[H]
516,CID000001046,DB00339,NC(=O)C1=NC=CN=C1
517,CID000005533,DB00656,ClC1=CC=CC(=C1)N1CCN(CCCN2N=C3C=CC=CN3C2=O)CC1
518,CID000074989,DB01117,OC1=C([C@H]2CC[C@@H](CC2)C2=CC=C(Cl)C=C2)C(=O)C2=CC=CC=C2C1=O
519,CID000002749,DB01188,CC1=CC(=O)N(O)C(=C1)C1CCCCC1
520,CID000005267,DB00421,[H][C@@]12CC[C@@]3(CCC(=O)O3)[C@@]1(C)CC[C@@]1([H])[C@@]2([H])[C@@]([H])(CC2=CC(=O)CC[C@]12C)SC(C)=O
521,CID000213039,DB01264,[H][C@@]12CCO[C@]1([H])OC[C@@H]2OC(=O)N[C@@H](CC1=CC=CC=C1)[C@H](O)CN(CC(C)C)S(=O)(=O)C1=CC=C(N)C=C1
522,CID000003291,DB00593,CCC1(C)CC(=O)NC1=O
523,CID000000853,DB00451,N[C@@H](CC1=CC(I)=C(OC2=CC(I)=C(O)C(I)=C2)C(I)=C1)C(O)=O
524,CID000005496,DB00684,NC[C@H]1O[C@H](O[C@@H]2[C@@H](N)C[C@@H](N)[C@H](O[C@H]3O[C@H](CO)[C@@H](O)[C@H](N)[C@H]3O)[C@H]2O)[C@H](N)C[C@@H]1O
525,CID000002978,DB00470,[H][C@@]12C=C(C)CC[C@@]1([H])C(C)(C)OC1=C2C(O)=CC(CCCCC)=C1
526,CID000005038,DB00178,[H][C@@]12CCC[C@]1([H])N([C@@H](C2)C(O)=O)C(=O)[C@H](C)N[C@@H](CCC1=CC=CC=C1)C(=O)OCC
527,CID000005402,DB00857,CN(C\C=C\C#CC(C)(C)C)CC1=CC=CC2=CC=CC=C12
528,CID003062316,DB01254,CC1=NC(NC2=NC=C(S2)C(=O)NC2=C(C)C=CC=C2Cl)=CC(=N1)N1CCN(CCO)CC1
529,CID000003488,DB01016,COC1=C(C=C(Cl)C=C1)C(=O)NCCC1=CC=C(C=C1)S(=O)(=O)NC(=O)NC1CCCCC1
530,CID000123606,DB00918,CN(C)CCC1=CNC2=C1C=C(CS(=O)(=O)N1CCCC1)C=C2
531,CID000005039,DB00863,CN\C(NCCSCC1=CC=C(CN(C)C)O1)=C/[N+]([O-])=O
532,CID000000596,DB00987,NC1=NC(=O)N(C=C1)[C@@H]1O[C@H](CO)[C@@H](O)[C@@H]1O
533,CID000093860,DB00188,CC(C)C[C@H](NC(=O)[C@H](CC1=CC=CC=C1)NC(=O)C1=CN=CC=N1)B(O)O
534,CID000005538,DB00523,C\C(\C=C\C1=C(C)CCCC1(C)C)=C\C=C\C(\C)=C\C(O)=O
535,CID000000158,DB00917,CCCCC[C@H](O)\C=C\[C@H]1[C@H](O)CC(=O)[C@@H]1C\C=C/CCCC(O)=O
536,CID000003350,DB01216,[H][C@@]12CC[C@H](C(=O)NC(C)(C)C)[C@@]1(C)CC[C@@]1([H])[C@@]2([H])CC[C@@]2([H])NC(=O)C=C[C@]12C
537,CID000002756,DB00501,C\N=C(\NCCSCC1=C(C)NC=N1)NC#N
538,CID000002713,DB00878,ClC1=CC=C(NC(=N)NC(=N)NCCCCCCNC(=N)NC(=N)NC2=CC=C(Cl)C=C2)C=C1
539,CID000012620,DB00632,CCCCCCCCCCCCCCCCCCCCCCO
540,CID000004917,DB00433,CN1CCN(CCCN2C3=CC=CC=C3SC3=C2C=C(Cl)C=C3)CC1
541,CID000068844,DB01194,CCN[C@H]1CN(CCCOC)S(=O)(=O)C2=C1C=C(S2)S(N)(=O)=O
542,CID000005514,DB00273,[H][C@@]12CO[C@@]3(COS(N)(=O)=O)OC(C)(C)O[C@@]3([H])[C@]1([H])OC(C)(C)O2
543,CID000000119,DB02530,NCCCC(O)=O
